{
    "train": {
        "accuracy": 0.7798989331836047,
        "precision": 0.8163696501218638,
        "recall": 0.7798989331836047,
        "f1_score": 0.7734514719399025
    },
    "test": {
        "accuracy": 0.7843907916900618,
        "precision": 0.8175211205881562,
        "recall": 0.7843907916900618,
        "f1_score": 0.7785378154358706
    },
    "best_hyperparameters": {
        "C": 1000
    },
    "feature_importances": [
        18.108233204932482,
        20.97854997154775,
        6.3360244165230215,
        0.41463811332002803,
        39.52052337234219,
        22.003691405763227,
        80.5158828848753,
        15.71250397000572
    ]
}