{
    "train": {
        "accuracy": 0.9955081414935429,
        "precision": 0.9955306880209277,
        "recall": 0.9955081414935429,
        "f1_score": 0.9955081160034178
    },
    "test": {
        "accuracy": 0.9286917462099944,
        "precision": 0.9287813781307801,
        "recall": 0.9286917462099944,
        "f1_score": 0.9286870698240165
    },
    "best_hyperparameters": {
        "learning_rate": 0.1,
        "max_depth": 5,
        "n_estimators": 200
    },
    "feature_importances": [
        0.03258476406335831,
        0.06640692055225372,
        0.03126133233308792,
        0.05735308304429054,
        0.02888396941125393,
        0.0,
        0.016510818153619766,
        0.05548388138413429,
        0.19443261623382568,
        0.03045053593814373,
        0.05281180888414383,
        0.4338202476501465
    ]
}