{
    "train": {
        "accuracy": 0.982,
        "precision": 0.9823686573866187,
        "recall": 0.982,
        "f1_score": 0.981991422083929
    },
    "test": {
        "accuracy": 0.884,
        "precision": 0.8845234845443597,
        "recall": 0.884,
        "f1_score": 0.8839070512820513
    },
    "best_hyperparameters": {
        "learning_rate": 0.05,
        "max_depth": 3,
        "n_estimators": 200,
        "subsample": 0.8
    },
    "feature_importances": [
        0.06140557676553726,
        0.04377658665180206,
        0.07237757742404938,
        0.0,
        0.08586252480745316,
        0.18319003283977509,
        0.10032471269369125,
        0.453063040971756
    ]
}