{
    "train": {
        "accuracy": 0.7142857142857143,
        "precision": 0.5102040816326531,
        "recall": 0.7142857142857143,
        "f1_score": 0.5952380952380952
    },
    "test": {
        "accuracy": 0.7142857142857143,
        "precision": 0.5102040816326531,
        "recall": 0.7142857142857143,
        "f1_score": 0.5952380952380952
    },
    "best_hyperparameters": {
        "C": 0.001
    },
    "feature_importances": [
        0.000696277175973586,
        0.0019927334540723735,
        3.586138839557963e-05,
        0.0009977387550914735,
        0.0008813984515924422,
        0.0016478195283405493,
        0.0004454234385275138,
        0.0005579948509654339
    ]
}