{
    "train": {
        "accuracy": 0.9337450870297586,
        "precision": 0.9337810978962031,
        "recall": 0.9337450870297586,
        "f1_score": 0.9337442515158898
    },
    "test": {
        "accuracy": 0.8635597978663672,
        "precision": 0.8635699696474054,
        "recall": 0.8635597978663672,
        "f1_score": 0.8635580772530921
    },
    "best_hyperparameters": {
        "max_depth": 10,
        "min_samples_leaf": 4,
        "min_samples_split": 10
    },
    "feature_importances": [
        0.01279091771998644,
        0.03134784995836128,
        0.03288410301363674,
        0.11325784659705189,
        0.03997960252056449,
        0.04402190461138286,
        0.03914021580107636,
        0.4646786971187709,
        0.14669578695498947,
        0.07520307570417946
    ]
}