{
    "train": {
        "accuracy": 1.0,
        "precision": 1.0,
        "recall": 1.0,
        "f1_score": 1.0
    },
    "test": {
        "accuracy": 0.856,
        "precision": 0.8560458305996065,
        "recall": 0.856,
        "f1_score": 0.8560092183599002
    },
    "best_hyperparameters": {
        "max_depth": 15,
        "min_samples_leaf": 1,
        "min_samples_split": 2
    },
    "feature_importances": [
        0.053908395959106,
        0.05033156545564788,
        0.08567800343192432,
        0.0,
        0.05047871977405937,
        0.22310344034861987,
        0.03050617536464747,
        0.5059936996659952
    ]
}