{
    "train": {
        "accuracy": 0.9601347557551937,
        "precision": 0.9604436238793748,
        "recall": 0.9601347557551937,
        "f1_score": 0.9601289737404847
    },
    "test": {
        "accuracy": 0.9006176305446378,
        "precision": 0.9007285184815332,
        "recall": 0.9006176305446378,
        "f1_score": 0.9006091701692063
    },
    "best_hyperparameters": {
        "learning_rate": 0.1,
        "max_depth": 3,
        "n_estimators": 200
    },
    "feature_importances": [
        0.028172781690955162,
        0.047207508236169815,
        0.03219658508896828,
        0.10506777465343475,
        0.04404827952384949,
        0.02004426345229149,
        0.050848983228206635,
        0.42470094561576843,
        0.16634145379066467,
        0.08137141168117523
    ]
}