{
    "train": {
        "accuracy": 0.7675463222908478,
        "precision": 0.7787547456136692,
        "recall": 0.7675463222908478,
        "f1_score": 0.7652412737189535
    },
    "test": {
        "accuracy": 0.7669848399775407,
        "precision": 0.773398774501549,
        "recall": 0.7669848399775407,
        "f1_score": 0.7655670991892138
    },
    "best_hyperparameters": {
        "C": 1000
    },
    "feature_importances": [
        6.2747609201389345,
        32.29675356971914,
        15.659880200287091,
        1.142655244031628,
        1.267585343941016,
        19.304454767563602,
        27.591025738914627,
        31.108423014695905,
        19.84780779858577,
        32.7589234828987
    ]
}