{
    "train": {
        "accuracy": 1.0,
        "precision": 1.0,
        "recall": 1.0,
        "f1_score": 1.0
    },
    "test": {
        "accuracy": 0.6666666666666666,
        "precision": 0.6726190476190477,
        "recall": 0.6666666666666666,
        "f1_score": 0.6666666666666666
    },
    "best_hyperparameters": {
        "learning_rate": 0.01,
        "max_depth": 3,
        "n_estimators": 200,
        "subsample": 0.8
    },
    "feature_importances": [
        0.007366752717643976,
        0.0,
        0.06433376669883728,
        0.09911860525608063,
        0.22519636154174805,
        0.6039844751358032
    ]
}