{
    "train": {
        "accuracy": 1.0,
        "precision": 1.0,
        "recall": 1.0,
        "f1_score": 1.0
    },
    "test": {
        "accuracy": 0.6666666666666666,
        "precision": 0.6726190476190477,
        "recall": 0.6666666666666666,
        "f1_score": 0.6666666666666666
    },
    "best_hyperparameters": {
        "learning_rate": 0.05,
        "max_depth": 3,
        "n_estimators": 100,
        "subsample": 0.8
    },
    "feature_importances": [
        0.0,
        0.015001542866230011,
        0.024937940761446953,
        0.0,
        0.0,
        0.10653101652860641,
        0.0012649449054151773,
        0.0,
        0.1376931518316269,
        0.1909777671098709,
        0.0,
        0.5235936045646667
    ]
}