{
    "train": {
        "accuracy": 0.998,
        "precision": 0.9980078125,
        "recall": 0.998,
        "f1_score": 0.9979999119573875
    },
    "test": {
        "accuracy": 0.85,
        "precision": 0.8507945187853834,
        "recall": 0.85,
        "f1_score": 0.8498202195846412
    },
    "best_hyperparameters": {
        "learning_rate": 0.1,
        "max_depth": 5,
        "n_estimators": 100
    },
    "feature_importances": [
        0.05772823095321655,
        0.03811484947800636,
        0.051995836198329926,
        0.08727191388607025,
        0.08532684296369553,
        0.029783986508846283,
        0.04091602936387062,
        0.34716856479644775,
        0.20510423183441162,
        0.056589506566524506
    ]
}