{
    "train": {
        "accuracy": 0.932,
        "precision": 0.9323999294091222,
        "recall": 0.932,
        "f1_score": 0.9319607811723994
    },
    "test": {
        "accuracy": 0.862,
        "precision": 0.8620168363100954,
        "recall": 0.862,
        "f1_score": 0.8620049696101537
    },
    "best_hyperparameters": {
        "max_depth": 5,
        "min_samples_leaf": 2,
        "min_samples_split": 5
    },
    "feature_importances": [
        0.03862272845280208,
        0.0,
        0.0,
        0.04119825992528799,
        0.033419603345361815,
        0.0,
        0.0050704875287663305,
        0.03185269850003721,
        0.26331714854699245,
        0.0,
        0.007509610472664826,
        0.5790094632280873
    ]
}