{
    "train": {
        "accuracy": 0.8666666666666667,
        "precision": 0.8933333333333333,
        "recall": 0.8666666666666667,
        "f1_score": 0.8629629629629629
    },
    "test": {
        "accuracy": 0.4,
        "precision": 0.4035714285714286,
        "recall": 0.4,
        "f1_score": 0.4
    },
    "best_hyperparameters": {
        "max_depth": null,
        "min_samples_leaf": 1,
        "min_samples_split": 10
    },
    "feature_importances": [
        0.0,
        0.0,
        0.0,
        0.0,
        0.0,
        0.0,
        0.0,
        0.21951219512195105,
        0.7804878048780489,
        0.0
    ]
}