{
    "train": {
        "accuracy": 0.988,
        "precision": 0.9881212451336933,
        "recall": 0.988,
        "f1_score": 0.9879973098909545
    },
    "test": {
        "accuracy": 0.884,
        "precision": 0.8845234845443597,
        "recall": 0.884,
        "f1_score": 0.8839070512820513
    },
    "best_hyperparameters": {
        "learning_rate": 0.1,
        "max_depth": 3,
        "n_estimators": 100
    },
    "feature_importances": [
        0.016902649775147438,
        0.04966185614466667,
        0.02663368545472622,
        0.020273303613066673,
        0.04534001648426056,
        0.0,
        0.008063329383730888,
        0.07477409392595291,
        0.18882016837596893,
        0.027035336941480637,
        0.07327181100845337,
        0.4692237675189972
    ]
}