{
    "train": {
        "accuracy": 0.7866367209432903,
        "precision": 0.7955322139205439,
        "recall": 0.7866367209432903,
        "f1_score": 0.7850612056658244
    },
    "test": {
        "accuracy": 0.7911285794497473,
        "precision": 0.7952721285694809,
        "recall": 0.7911285794497473,
        "f1_score": 0.7903648961274777
    },
    "best_hyperparameters": {
        "C": 1000
    },
    "feature_importances": [
        0.4209869630056128,
        35.31966736939449,
        13.970751983204902,
        1.1727828292816718,
        1.3407600684481833,
        0.5416890754907043,
        16.19560867834574,
        27.993128252739826,
        30.9933773221919,
        11.488249620003058,
        73.72142798333495,
        12.393138265936505
    ]
}