{
    "train": {
        "accuracy": 0.9769792251544076,
        "precision": 0.9777186263443706,
        "recall": 0.9769792251544076,
        "f1_score": 0.9769710940348594
    },
    "test": {
        "accuracy": 0.9146546883773161,
        "precision": 0.9149043943150564,
        "recall": 0.9146546883773161,
        "f1_score": 0.9146398870691632
    },
    "best_hyperparameters": {
        "learning_rate": 0.1,
        "max_depth": 5,
        "n_estimators": 200
    },
    "feature_importances": [
        0.1158408671617508,
        0.10187182575464249,
        0.0,
        0.22972306609153748,
        0.0750223845243454,
        0.4775419533252716
    ]
}