{
    "train": {
        "accuracy": 0.776,
        "precision": 0.7840709495998269,
        "recall": 0.776,
        "f1_score": 0.7738459795049457
    },
    "test": {
        "accuracy": 0.746,
        "precision": 0.7536072805698975,
        "recall": 0.746,
        "f1_score": 0.7447036809495701
    },
    "best_hyperparameters": {
        "C": 1000
    },
    "feature_importances": [
        11.67804920459558,
        11.397266388279617,
        6.20406953005239,
        1.478080869611904,
        2.9220959156863406,
        22.686299537233417,
        14.14759616312619,
        42.54982795914604,
        21.533125566013208,
        13.511883576538928
    ]
}