{
    "train": {
        "accuracy": 0.8666666666666667,
        "precision": 0.8909090909090909,
        "recall": 0.8666666666666667,
        "f1_score": 0.86
    },
    "test": {
        "accuracy": 0.3333333333333333,
        "precision": 0.3333333333333333,
        "recall": 0.3333333333333333,
        "f1_score": 0.27777777777777773
    },
    "best_hyperparameters": {
        "learning_rate": 0.01,
        "max_depth": 3,
        "n_estimators": 100,
        "subsample": 0.8
    },
    "feature_importances": [
        0.017516210675239563,
        0.13422732055187225,
        0.11686260998249054,
        0.0,
        0.006244004238396883,
        0.025767281651496887,
        0.05178145691752434,
        0.6476010680198669
    ]
}