{
    "train": {
        "accuracy": 0.9333333333333333,
        "precision": 0.9416666666666667,
        "recall": 0.9333333333333333,
        "f1_score": 0.9333333333333333
    },
    "test": {
        "accuracy": 0.6,
        "precision": 0.6,
        "recall": 0.6,
        "f1_score": 0.6
    },
    "best_hyperparameters": {
        "C": 1000
    },
    "feature_importances": [
        0.6946470566090246,
        3.6554348659448097,
        9.395197527556226,
        2.9032728489411372,
        19.873688361806973,
        2.4079763292749314,
        22.25121973411768,
        19.746686624927754
    ]
}