{
    "train": {
        "accuracy": 0.9820325659741718,
        "precision": 0.9821887651155553,
        "recall": 0.9820325659741718,
        "f1_score": 0.9820313877045131
    },
    "test": {
        "accuracy": 0.9298147108366086,
        "precision": 0.9300511035598312,
        "recall": 0.9298147108366086,
        "f1_score": 0.9298035569130899
    },
    "best_hyperparameters": {
        "learning_rate": 0.1,
        "max_depth": 5,
        "n_estimators": 100
    },
    "feature_importances": [
        0.03044118545949459,
        0.06542085111141205,
        0.026877375319600105,
        0.05637679994106293,
        0.024603525176644325,
        0.0,
        0.01432096492499113,
        0.052974432706832886,
        0.19690990447998047,
        0.025916453450918198,
        0.04943603277206421,
        0.4567224979400635
    ]
}