{
    "train": {
        "accuracy": 0.782,
        "precision": 0.8239647924330005,
        "recall": 0.782,
        "f1_score": 0.77364451061097
    },
    "test": {
        "accuracy": 0.768,
        "precision": 0.799789010989011,
        "recall": 0.768,
        "f1_score": 0.7626993064055487
    },
    "best_hyperparameters": {
        "C": 1000
    },
    "feature_importances": [
        2.7862545635447757,
        18.50194700882993,
        8.793172412789495,
        0.37584072336601243,
        39.99085952949863,
        19.009062696032363,
        45.93277515777795,
        16.045016213564175
    ]
}