{
    "train": {
        "accuracy": 1.0,
        "precision": 1.0,
        "recall": 1.0,
        "f1_score": 1.0
    },
    "test": {
        "accuracy": 0.6666666666666666,
        "precision": 0.6726190476190477,
        "recall": 0.6666666666666666,
        "f1_score": 0.6666666666666666
    },
    "best_hyperparameters": {
        "C": 10
    },
    "feature_importances": [
        0.09353355595870153,
        0.7664470167298996,
        0.5924695375179224,
        2.0623027566107397,
        1.8869441507370723,
        4.6689444813556165
    ]
}