{
    "train": {
        "accuracy": 0.914093206064009,
        "precision": 0.9144785875572758,
        "recall": 0.914093206064009,
        "f1_score": 0.9140756529752259
    },
    "test": {
        "accuracy": 0.8955642897248737,
        "precision": 0.8957224293719805,
        "recall": 0.8955642897248737,
        "f1_score": 0.8955518424760832
    },
    "best_hyperparameters": {
        "ccp_alpha": 0,
        "max_depth": 5,
        "min_samples_leaf": 4,
        "min_samples_split": 10
    },
    "feature_importances": [
        0.05647291019763546,
        0.013552308386872243,
        0.011108020822773427,
        0.0,
        0.03578974231240787,
        0.21770053196010233,
        0.0632265439847407,
        0.6021499423354679
    ]
}