{
    "train": {
        "accuracy": 1.0,
        "precision": 1.0,
        "recall": 1.0,
        "f1_score": 1.0
    },
    "test": {
        "accuracy": 0.5333333333333333,
        "precision": 0.5296296296296297,
        "recall": 0.5333333333333333,
        "f1_score": 0.5291101055806938
    },
    "best_hyperparameters": {
        "max_depth": null,
        "min_samples_leaf": 1,
        "min_samples_split": 2
    },
    "feature_importances": [
        0.0,
        0.0,
        0.0,
        0.0,
        0.0,
        0.0,
        0.0,
        0.0,
        0.0,
        0.23809523809523805,
        0.0,
        0.7619047619047619
    ]
}