{
    "train": {
        "accuracy": 0.7466666666666667,
        "precision": 0.8044106206663284,
        "recall": 0.7466666666666667,
        "f1_score": 0.73247311827957
    },
    "test": {
        "accuracy": 0.7255555555555555,
        "precision": 0.790882643973877,
        "recall": 0.7255555555555555,
        "f1_score": 0.7110926805659262
    },
    "best_hyperparameters": {
        "C": 1000
    },
    "feature_importances": [
        10.367914795770156,
        12.866376729396519,
        12.003790610962858,
        0.31880468688601216,
        29.74216598580835,
        13.425086730064953,
        52.53898309628644,
        9.254780580988792
    ]
}