{
    "train": {
        "accuracy": 0.95,
        "precision": 0.9550000000000001,
        "recall": 0.95,
        "f1_score": 0.9501253132832079
    },
    "test": {
        "accuracy": 0.85,
        "precision": 0.8821428571428571,
        "recall": 0.85,
        "f1_score": 0.844
    },
    "best_hyperparameters": {
        "learning_rate": 0.01,
        "max_depth": 3,
        "n_estimators": 100
    },
    "feature_importances": [
        0.0,
        0.017954476177692413,
        0.0,
        0.018623054027557373,
        0.0,
        0.0,
        0.0,
        0.0,
        0.0,
        0.0,
        0.0,
        0.963422417640686
    ]
}