{
    "train": {
        "accuracy": 0.5384615384615384,
        "precision": 0.28994082840236685,
        "recall": 0.5384615384615384,
        "f1_score": 0.37692307692307686
    },
    "test": {
        "accuracy": 0.35714285714285715,
        "precision": 0.12755102040816327,
        "recall": 0.35714285714285715,
        "f1_score": 0.18796992481203006
    },
    "best_hyperparameters": {
        "C": 0.01
    },
    "feature_importances": [
        0.00968055276385805,
        0.0042461463775117095,
        0.00019087177409621257,
        0.0052444190500939,
        0.006557798192396254,
        0.008103923400420127,
        5.260720327639177e-05,
        0.002102166684314453
    ]
}