{
    "train": {
        "accuracy": 0.7619047619047619,
        "precision": 0.7619047619047619,
        "recall": 0.7619047619047619,
        "f1_score": 0.7594627594627594
    },
    "test": {
        "accuracy": 0.5238095238095238,
        "precision": 0.5842781557067271,
        "recall": 0.5238095238095238,
        "f1_score": 0.5449615743733391
    },
    "best_hyperparameters": {
        "ccp_alpha": 0,
        "max_depth": 5,
        "min_samples_leaf": 4,
        "min_samples_split": 2
    },
    "feature_importances": [
        0.0,
        0.0,
        0.0,
        0.5153846153846153,
        0.0,
        0.0,
        0.0,
        0.4846153846153846
    ]
}