{
    "train": {
        "accuracy": 0.9333333333333333,
        "precision": 0.9407407407407408,
        "recall": 0.9333333333333333,
        "f1_score": 0.9327300150829563
    },
    "test": {
        "accuracy": 0.7333333333333333,
        "precision": 0.8303030303030302,
        "recall": 0.7333333333333333,
        "f1_score": 0.7185185185185186
    },
    "best_hyperparameters": {
        "max_depth": null,
        "min_samples_leaf": 1,
        "min_samples_split": 10
    },
    "feature_importances": [
        0.0,
        0.0,
        0.0,
        0.0,
        0.0,
        0.0,
        0.0,
        1.0
    ]
}