{
    "train": {
        "accuracy": 1.0,
        "precision": 1.0,
        "recall": 1.0,
        "f1_score": 1.0
    },
    "test": {
        "accuracy": 0.6666666666666666,
        "precision": 0.6726190476190477,
        "recall": 0.6666666666666666,
        "f1_score": 0.6666666666666666
    },
    "best_hyperparameters": {
        "C": 10
    },
    "feature_importances": [
        2.3614608301073994,
        0.3420516686414257,
        0.4450156271820729,
        1.5883559176246254,
        0.35071254964598503,
        1.6307348868495275,
        0.5698441239738745,
        4.338773672459786
    ]
}