{
    "train": {
        "accuracy": 0.916,
        "precision": 0.916373233222634,
        "recall": 0.916,
        "f1_score": 0.915951553212964
    },
    "test": {
        "accuracy": 0.836,
        "precision": 0.8362397522901927,
        "recall": 0.836,
        "f1_score": 0.8359054134157868
    },
    "best_hyperparameters": {
        "max_depth": 5,
        "min_samples_leaf": 1,
        "min_samples_split": 2
    },
    "feature_importances": [
        0.07305187494467365,
        0.026400894789515284,
        0.016924172058988135,
        0.09245282778251113,
        0.06430897524188628,
        0.0018942534427953146,
        0.026491920220786325,
        0.42562050052263467,
        0.26381077213136356,
        0.009043808864845676
    ]
}