{
    "train": {
        "accuracy": 0.9047619047619048,
        "precision": 0.9047619047619048,
        "recall": 0.9047619047619048,
        "f1_score": 0.9047619047619048
    },
    "test": {
        "accuracy": 0.38095238095238093,
        "precision": 0.40476190476190477,
        "recall": 0.38095238095238093,
        "f1_score": 0.3877551020408163
    },
    "best_hyperparameters": {
        "C": 1000
    },
    "feature_importances": [
        8.570386897250293,
        0.49897887727284823,
        3.1428934985313566,
        0.8392475710019334,
        5.004709794897664,
        12.484208407700715,
        15.339314576766336,
        8.939000679746249,
        0.3235951474799447,
        2.5698763550078776,
        18.203409452950353,
        6.97922909663683,
        0.7362380809204653,
        0.5750719547123565,
        6.433601937489872,
        9.285983144988139,
        8.893982044730228,
        2.070897477734969,
        21.346302951481697,
        7.818476667638799,
        4.268471713977197,
        13.059280362413082,
        8.905712639276443,
        18.224983824734327
    ]
}