{
    "train": {
        "accuracy": 0.81,
        "precision": 0.8179848966613673,
        "recall": 0.81,
        "f1_score": 0.8083941325551033
    },
    "test": {
        "accuracy": 0.768,
        "precision": 0.7743226246770342,
        "recall": 0.768,
        "f1_score": 0.7671290369158204
    },
    "best_hyperparameters": {
        "C": 1000
    },
    "feature_importances": [
        4.832888867552029,
        12.711009284031045,
        10.686701962488094,
        1.4837559718454039,
        5.264015697236033,
        0.5140262859463224,
        31.75918257277636,
        19.730306812843217,
        38.431448042993544,
        13.816497573462772,
        47.487555142623265,
        10.050490127161009
    ]
}