{
    "train": {
        "accuracy": 1.0,
        "precision": 1.0,
        "recall": 1.0,
        "f1_score": 1.0
    },
    "test": {
        "accuracy": 0.6,
        "precision": 0.5818181818181818,
        "recall": 0.6,
        "f1_score": 0.58
    },
    "best_hyperparameters": {
        "max_depth": null,
        "min_samples_leaf": 1,
        "min_samples_split": 2
    },
    "feature_importances": [
        0.0,
        0.0,
        0.0,
        0.2500000000000001,
        0.0,
        0.0,
        0.0,
        0.7499999999999999
    ]
}