{
    "train": {
        "accuracy": 0.8125,
        "precision": 0.8636363636363636,
        "recall": 0.8125,
        "f1_score": 0.8056680161943319
    },
    "test": {
        "accuracy": 0.6875,
        "precision": 0.7738095238095237,
        "recall": 0.6875,
        "f1_score": 0.7077922077922078
    },
    "best_hyperparameters": {
        "ccp_alpha": 0,
        "max_depth": 5,
        "min_samples_leaf": 4,
        "min_samples_split": 2
    },
    "feature_importances": [
        0.0,
        0.2592592592592592,
        0.0,
        0.0,
        0.7407407407407408,
        0.0,
        0.0,
        0.0
    ]
}