{
    "train": {
        "accuracy": 0.8922222222222222,
        "precision": 0.89532,
        "recall": 0.8922222222222222,
        "f1_score": 0.8918989633226247
    },
    "test": {
        "accuracy": 0.8544444444444445,
        "precision": 0.8623830781886399,
        "recall": 0.8544444444444445,
        "f1_score": 0.8538939651469253
    },
    "best_hyperparameters": {
        "ccp_alpha": 0,
        "max_depth": 5,
        "min_samples_leaf": 2,
        "min_samples_split": 10
    },
    "feature_importances": [
        0.05962258552738571,
        0.06768379251592,
        0.009213924508282298,
        0.0,
        0.032902904458338614,
        0.15129091114892687,
        0.07852373999347886,
        0.6007621418476675
    ]
}