{
    "train": {
        "accuracy": 0.6,
        "precision": 0.36,
        "recall": 0.6,
        "f1_score": 0.45
    },
    "test": {
        "accuracy": 0.4,
        "precision": 0.16000000000000003,
        "recall": 0.4,
        "f1_score": 0.22857142857142856
    },
    "best_hyperparameters": {
        "C": 0.001
    },
    "feature_importances": [
        0.00035946939539715123,
        0.0010238905465571532,
        0.00029413080745998974,
        1.1082801313294176e-05,
        0.0001286010846855371,
        0.00014887570197979623,
        0.0007260032429754235,
        0.0011896551136868854
    ]
}