{
    "train": {
        "accuracy": 0.9635036496350365,
        "precision": 0.9636033444046175,
        "recall": 0.9635036496350365,
        "f1_score": 0.9635021538174243
    },
    "test": {
        "accuracy": 0.8899494665918024,
        "precision": 0.8899965673193704,
        "recall": 0.8899494665918024,
        "f1_score": 0.8899449560282651
    },
    "best_hyperparameters": {
        "max_depth": 10,
        "min_samples_leaf": 1,
        "min_samples_split": 5
    },
    "feature_importances": [
        0.09535619799746656,
        0.08884688650100238,
        0.0,
        0.22331781520273244,
        0.04762359395200036,
        0.5448555063467982
    ]
}