{
    "train": {
        "accuracy": 0.75,
        "precision": 0.7550000000000001,
        "recall": 0.75,
        "f1_score": 0.7506265664160401
    },
    "test": {
        "accuracy": 0.7,
        "precision": 0.7266666666666667,
        "recall": 0.7,
        "f1_score": 0.6802197802197802
    },
    "best_hyperparameters": {
        "C": 10
    },
    "feature_importances": [
        0.3194382828138097,
        0.006097732454151835,
        0.3444537867852495,
        0.6402006619205711,
        0.022149297484472603,
        0.006564233834585627,
        0.3337650515772367,
        0.010043447442009645,
        2.5773962905832803,
        0.8962405786529191,
        0.01438812820305527,
        1.741825254662037
    ]
}