{
    "train": {
        "accuracy": 0.875,
        "precision": 0.875,
        "recall": 0.875,
        "f1_score": 0.875
    },
    "test": {
        "accuracy": 0.625,
        "precision": 0.625,
        "recall": 0.625,
        "f1_score": 0.625
    },
    "best_hyperparameters": {
        "C": 100
    },
    "feature_importances": [
        0.7112560825722835,
        1.0368658447279369,
        7.155564894680208,
        2.0774526923765717,
        8.804012390620034,
        3.8121937088770887,
        0.4962657282123218,
        2.2365349176172735
    ]
}