{
    "train": {
        "accuracy": 0.95,
        "precision": 0.9541666666666666,
        "recall": 0.95,
        "f1_score": 0.949616368286445
    },
    "test": {
        "accuracy": 0.8,
        "precision": 0.8161616161616161,
        "recall": 0.8,
        "f1_score": 0.8
    },
    "best_hyperparameters": {
        "max_depth": 5,
        "min_samples_leaf": 2,
        "min_samples_split": 2
    },
    "feature_importances": [
        0.0,
        0.0,
        0.0,
        0.0,
        0.0,
        0.0,
        0.0,
        0.0,
        0.22638839759462331,
        0.0,
        0.0,
        0.7736116024053767
    ]
}