{
    "train": {
        "accuracy": 0.9988770353733858,
        "precision": 0.9988795560571716,
        "recall": 0.9988770353733858,
        "f1_score": 0.998877036081443
    },
    "test": {
        "accuracy": 0.8916339135317237,
        "precision": 0.8916566803472774,
        "recall": 0.8916339135317237,
        "f1_score": 0.8916315219937425
    },
    "best_hyperparameters": {
        "max_depth": 15,
        "min_samples_leaf": 1,
        "min_samples_split": 2
    },
    "feature_importances": [
        0.0746308329332622,
        0.04987321485362318,
        0.05411026418145408,
        0.0,
        0.08182110138160131,
        0.19048718139706863,
        0.0682801587611898,
        0.48079724649180083
    ]
}