{
    "train": {
        "accuracy": 0.5384615384615384,
        "precision": 0.28994082840236685,
        "recall": 0.5384615384615384,
        "f1_score": 0.37692307692307686
    },
    "test": {
        "accuracy": 0.35714285714285715,
        "precision": 0.12755102040816327,
        "recall": 0.35714285714285715,
        "f1_score": 0.18796992481203006
    },
    "best_hyperparameters": {
        "ccp_alpha": 0.5,
        "max_depth": 5,
        "min_samples_leaf": 1,
        "min_samples_split": 2
    },
    "feature_importances": [
        0.0,
        0.0,
        0.0,
        0.0,
        0.0,
        0.0,
        0.0,
        0.0
    ]
}