{
    "train": {
        "accuracy": 0.9848399775407075,
        "precision": 0.984889763145164,
        "recall": 0.9848399775407075,
        "f1_score": 0.9848397194509946
    },
    "test": {
        "accuracy": 0.9107243121841662,
        "precision": 0.9110023505277642,
        "recall": 0.9107243121841662,
        "f1_score": 0.9107113637286909
    },
    "best_hyperparameters": {
        "max_depth": 10,
        "min_samples_leaf": 1,
        "min_samples_split": 2
    },
    "feature_importances": [
        0.02753850158747829,
        0.0657958521185559,
        0.023786698816891338,
        0.05990953173674659,
        0.020243190306296947,
        0.0,
        0.006669403526247178,
        0.06475447564263487,
        0.18278431227376035,
        0.018873991613691434,
        0.03850989307554286,
        0.49113414930215427
    ]
}