{
    "train": {
        "accuracy": 1.0,
        "precision": 1.0,
        "recall": 1.0,
        "f1_score": 1.0
    },
    "test": {
        "accuracy": 0.6,
        "precision": 0.6148148148148148,
        "recall": 0.6,
        "f1_score": 0.5964285714285714
    },
    "best_hyperparameters": {
        "C": 10
    },
    "feature_importances": [
        0.2631606521210912,
        2.4139106640071524,
        0.045338915260452674,
        0.42416074650184127,
        0.526010340657641,
        0.8565474045395528,
        0.20687618458563445,
        0.4131014163551131,
        1.7717518985080016,
        1.913613153771765,
        0.7731728925338689,
        3.9373332816105093
    ]
}