{
    "train": {
        "accuracy": 0.7450870297585626,
        "precision": 0.756863645717207,
        "recall": 0.7450870297585626,
        "f1_score": 0.7421998506287854
    },
    "test": {
        "accuracy": 0.7529477821448625,
        "precision": 0.7594830359347037,
        "recall": 0.7529477821448625,
        "f1_score": 0.7513334030633332
    },
    "best_hyperparameters": {
        "C": 100
    },
    "feature_importances": [
        4.140630676420442,
        1.2197062410525716,
        0.48147658609421795,
        5.658615537525428,
        14.491828955037077,
        8.429127454294322
    ]
}