{
    "train": {
        "accuracy": 1.0,
        "precision": 1.0,
        "recall": 1.0,
        "f1_score": 1.0
    },
    "test": {
        "accuracy": 0.7333333333333333,
        "precision": 0.8303030303030302,
        "recall": 0.7333333333333333,
        "f1_score": 0.7185185185185186
    },
    "best_hyperparameters": {
        "max_depth": null,
        "min_samples_leaf": 1,
        "min_samples_split": 2
    },
    "feature_importances": [
        0.0,
        0.0,
        0.0,
        0.23809523809523805,
        0.0,
        0.0,
        0.0,
        0.7619047619047619
    ]
}