{
    "train": {
        "accuracy": 0.9333333333333333,
        "precision": 0.9407407407407408,
        "recall": 0.9333333333333333,
        "f1_score": 0.9327300150829563
    },
    "test": {
        "accuracy": 0.4,
        "precision": 0.39259259259259255,
        "recall": 0.4,
        "f1_score": 0.3945701357466064
    },
    "best_hyperparameters": {
        "learning_rate": 0.01,
        "max_depth": 3,
        "n_estimators": 200,
        "subsample": 0.8
    },
    "feature_importances": [
        0.00022527456167154014,
        0.07552065700292587,
        0.055490948259830475,
        0.009047831408679485,
        0.006835846696048975,
        0.05030880123376846,
        0.0,
        0.21408379077911377,
        0.5820220112800598,
        0.006464844569563866
    ]
}