{
    "train": {
        "accuracy": 0.7142857142857143,
        "precision": 0.5102040816326531,
        "recall": 0.7142857142857143,
        "f1_score": 0.5952380952380952
    },
    "test": {
        "accuracy": 0.7142857142857143,
        "precision": 0.5102040816326531,
        "recall": 0.7142857142857143,
        "f1_score": 0.5952380952380952
    },
    "best_hyperparameters": {
        "ccp_alpha": 0.5,
        "max_depth": 5,
        "min_samples_leaf": 1,
        "min_samples_split": 2
    },
    "feature_importances": [
        0.0,
        0.0,
        0.0,
        0.0,
        0.0,
        0.0,
        0.0,
        0.0
    ]
}