{
    "train": {
        "accuracy": 0.7333333333333333,
        "precision": 0.7555555555555554,
        "recall": 0.7333333333333333,
        "f1_score": 0.730952380952381
    },
    "test": {
        "accuracy": 0.5333333333333333,
        "precision": 0.5380952380952381,
        "recall": 0.5333333333333333,
        "f1_score": 0.5333333333333333
    },
    "best_hyperparameters": {
        "C": 1
    },
    "feature_importances": [
        0.00470739526432912,
        0.9151699199182888,
        0.2168779318610838,
        0.11378579187774553,
        0.24505850453450723,
        0.15561293707442003,
        0.3995205971150209,
        0.7175985137464997,
        0.7203891824708089,
        0.055135592279757874
    ]
}